uid,date_seen,first_seen
67ed12634c6579,16 June 2026,2026-06-16T04:40:50.850887+00:00
34f75b71162ec0,16 June 2026,2026-06-16T04:40:50.850887+00:00
d0117b9bd156ed,16 June 2026,2026-06-16T04:40:50.850887+00:00
247acf355075b1,16 June 2026,2026-06-16T04:40:50.850887+00:00
c0d3c86fa2e6ed,16 June 2026,2026-06-16T04:40:50.850887+00:00
94730fce54ab8a,16 June 2026,2026-06-16T04:40:50.850887+00:00
46f6445ef61313,16 June 2026,2026-06-16T04:40:50.850887+00:00
72039341f2b2c9,16 June 2026,2026-06-16T04:40:50.850887+00:00
defb75190c1d89,16 June 2026,2026-06-16T04:40:50.850887+00:00
f18bc504c9c797,16 June 2026,2026-06-16T04:40:50.850887+00:00
a8cd17f6414cb4,16 June 2026,2026-06-16T04:40:50.850887+00:00
9768b27e5b48b8,16 June 2026,2026-06-16T04:40:50.850887+00:00
c244dbcd4c93f7,16 June 2026,2026-06-16T04:40:50.850887+00:00
351eee5732ba7d,16 June 2026,2026-06-16T04:40:50.850887+00:00
1740be8497d8e4,16 June 2026,2026-06-16T04:40:50.850887+00:00
17c7f4b52eb02d,16 June 2026,2026-06-16T04:40:50.850887+00:00
